id_,title,period,city,state,country,address,source,url,quantity,initial_date,final_date,language,latitude,longitude
0169_BL_MX,La Diana de Matamoros,One,Matamoros,Tamaulipas,México,n/a, Benson Lee Collection & EBSCO 2 ,<a href=http://guides.lib.utexas.edu/c.php?g=489978&p=3350068äó target=äó_blankäó>HERE!</a>,2,"June 24, 1846","June 27, 1846",Spanish,25.882843,-97.502505
0006_BL_USA,American Flag,One & Two,Matamoros,Tamaulipas,México,Calle Galeana,Benson Lee Collection,<a href=http://guides.lib.utexas.edu/c.php?g=489978&p=3350068äó target=äó_blankäó>HERE!</a>,209,"July 04, 1846","July 29, 1848",English,25.886364,-97.511768
0012_BL_MX,Boletín,Three,Galeana,Nuevo León,México,n/a,Benson Lee Collection,<a href=http://guides.lib.utexas.edu/c.php?g=489978&p=3350068äó target=äó_blankäó>HERE!</a>,4,"November 17, 1871","November 29, 1871",Spanish,24.820516,-100.076135
0017_BL_MX,Boletín Estraordinario,Three,Matamoros,Tamaulipas,México,n/a,Benson Lee Collection,<a href=http://guides.lib.utexas.edu/c.php?g=489978&p=3350068äó target=äó_blankäó>HERE!</a>,8,"November 10, 1865","December 7, 1865",Spanish,25.879236,-97.505306
0071_BL_MX,Eco del Norte de Tamaulipas,One,Matamoros,Tamaulipas,México,n/a,Benson Lee Collection,<a href=http://guides.lib.utexas.edu/c.php?g=489978&p=3350068äó target=äó_blankäó>HERE!</a>,45,"March 3, 1845","January 7, 1846",Spanish,25.882457,-97.502784
0079_BL_MX,El Aguila del Norte,One,Matamoros,Tamaulipas,México,n/a,Benson Lee Collection,<a href=http://guides.lib.utexas.edu/c.php?g=489978&p=3350068äó target=äó_blankäó>HERE!</a>,4,"January 28, 1846","March 18, 1846",Spanish,25.885951,-97.508413
0080_BL_MX,El Ancla,One,Matamoros,Tamaulipas,México,n/a,Benson Lee Collection,<a href=http://guides.lib.utexas.edu/c.php?g=489978&p=3350068äó target=äó_blankäó>HERE!</a>,62,"September 29, 1837","August 30, 1842",Spanish,25.880058,-97.501508
0081_BL_MX,El Argos de Matamoros,One,Matamoros,Tamaulipas,México,n/a,Benson Lee Collection,<a href=http://guides.lib.utexas.edu/c.php?g=489978&p=3350068äó target=äó_blankäó>HERE!</a>,2,"April 4, 1833","July 14, 1833",Spanish,25.880782,-97.499675
0084_BL_MX,El Centinela de Sonora,One,Ures,Sonora,México,n/a,Benson Lee Collection,<a href=http://guides.lib.utexas.edu/c.php?g=489978&p=3350068äó target=äó_blankäó>HERE!</a>,5,"July 11, 1845","August 15, 1845",Spanish,29.426635,-110.39043
0085_BL_MX,El Centinela de Tamaulipas,Three,Tampico,Tamaulipas,México,n/a,Benson Lee Collection,<a href=http://guides.lib.utexas.edu/c.php?g=489978&p=3350068äó target=äó_blankäó>HERE!</a>,1,"November 3, 1877","November 3, 1877",Spanish,22.216076,-97.859268
0091_BL_MX,El Golfo de Cortés,Three,Guaymas,Sonora,México,n/a,Benson Lee Collection,<a href=http://guides.lib.utexas.edu/c.php?g=489978&p=3350068äó target=äó_blankäó>HERE!</a>,1,"January 21, 1874","January 21, 1874",Spanish,27.923024,-110.889818
0092_BL_MX,El Heraldo: Periódico político y literario,Two,Saltillo,Coahuila,México,n/a,Benson Lee Collection,<a href=http://guides.lib.utexas.edu/c.php?g=489978&p=3350068äó target=äó_blankäó>HERE!</a>,1,"December 23, 1848","December 23, 1848",Spanish,25.431787,-100.996384
0096_BL_MX,El Libertador,Three,Matamoros,Tamaulipas,México,n/a,Benson Lee Collection,<a href=http://guides.lib.utexas.edu/c.php?g=489978&p=3350068äó target=äó_blankäó>HERE!</a>,1,"November 17, 1855","November 17, 1855",Spanish,25.879683,-97.503247
0097_BL_MX,El Misántropo,Three,Villaldama,Nuevo León,México,n/a,Benson Lee Collection,<a href=http://guides.lib.utexas.edu/c.php?g=489978&p=3350068äó target=äó_blankäó>HERE!</a>,3,"October 17, 1897","November 7, 1897",Spanish,26.498238,-100.423284
0103_BL_MX,El Porvenir,Three,Tampico,Tamaulipas,México,n/a,Benson Lee Collection,<a href=http://guides.lib.utexas.edu/c.php?g=489978&p=3350068äó target=äó_blankäó>HERE!</a>,5,"June 30, 1889","July, 4, 1897",Spanish,22.216284,-97.858986
0104_BL_MX,El Procurador del Pueblo,One,Matamoros,Tamaulipas,México,n/a,Benson Lee Collection,<a href=http://guides.lib.utexas.edu/c.php?g=489978&p=3350068äó target=äó_blankäó>HERE!</a>,9,"February 16, 1832","August, 1832",Spanish,25.880014,-97.504801
0106_BL_MX,El Ranchero,Three,Matamoros,Tamaulipas,México,n/a,Benson Lee Collection,<a href=http://guides.lib.utexas.edu/c.php?g=489978&p=3350068äó target=äó_blankäó>HERE!</a>,1,"February 25, 1857","February 25, 1857",Spanish,25.880854,-97.503076
0109_BL_MX,El Semanario,Three,Tampico,Tamaulipas,México,n/a,Benson Lee Collection,<a href=http://guides.lib.utexas.edu/c.php?g=489978&p=3350068äó target=äó_blankäó>HERE!</a>,10,"June 25, 1880","February 4, 1881",Spanish,22.215846,-97.859258
0110_BL_MX,El Telégrafo de Tamaulipas,One,Cd. Victoria,Tamaulipas,México,n/a,Benson Lee Collection,<a href=http://guides.lib.utexas.edu/c.php?g=489978&p=3350068äó target=äó_blankäó>HERE!</a>,1,"Abril, 1832","Abril, 1832",Spanish,23.732146,-99.150886
0111_BL_MX,El Tráfico,Three,Guaymas,Sonora,México,n/a,Benson Lee Collection,<a href=http://guides.lib.utexas.edu/c.php?g=489978&p=3350068äó target=äó_blankäó>HERE!</a>,54,"October 4, 1899","December 21, 1899",Spanish,27.922877,-110.890347
0112_BL_MX,El Tribuno del Pueblo,One,Cd. Victoria,Tamaulipas,México,n/a,Benson Lee Collection,<a href=http://guides.lib.utexas.edu/c.php?g=489978&p=3350068äó target=äó_blankäó>HERE!</a>,14,"March 7, 1845","November 1, 1845",Spanish,23.73223,-99.151472
0113_BL_MX,El Volcán,One,Cd. Victoria,Tamaulipas,México,n/a,Benson Lee Collection,<a href=http://guides.lib.utexas.edu/c.php?g=489978&p=3350068äó target=äó_blankäó>HERE!</a>,1,"January 29, 1835","January 29, 1835",Spanish,23.730922,-99.151341
0114_BL_MX,El Voto de Coahuila: Periódico político y literario,One,Saltillo,Coahuila,México,n/a,Benson Lee Collection,<a href=http://guides.lib.utexas.edu/c.php?g=489978&p=3350068äó target=äó_blankäó>HERE!</a>,5,"January 8, 1841","October 29, 1842",Spanish,25.424143,-101.005859
0136_BL_MX,Gaceta de Santa Anna de Tamaulipas,One,Tampico,Tamaulipas,México,n/a,Benson Lee Collection,<a href=http://guides.lib.utexas.edu/c.php?g=489978&p=3350068äó target=äó_blankäó>HERE!</a>,9,"August 23, 1836","October 22, 1836",Spanish,22.216337,-97.858513
0137_BL_MX,Gaceta de Tamaulipas,One,Puerto de Santa Anna,Tamaulipas,México,n/a,Benson Lee Collection,<a href=http://guides.lib.utexas.edu/c.php?g=489978&p=3350068äó target=äó_blankäó>HERE!</a>,27,"June 25, 1834","September 19, 1834",Spanish,22.217303,-97.855804
0140_BL_MX,Gaceta de Tampico,One,Tampico,Tamaulipas,México,n/a,Benson Lee Collection,<a href=http://guides.lib.utexas.edu/c.php?g=489978&p=3350068äó target=äó_blankäó>HERE!</a>,4,"March 10, 1834","May 19, 1834",Spanish,22.216203,-97.85839
0163_BL_MX,La Aguila Mexicana,One,Matamoros,Tamaulipas,México,n/a,Benson Lee Collection,<a href=http://guides.lib.utexas.edu/c.php?g=489978&p=3350068äó target=äó_blankäó>HERE!</a>,1,"January 21, 1846","January 21, 1846",Spanish,25.880214,-97.504744
0164_BL_MX,"La Baja California: Periódico consagrado a la defensa del territorio e intereses de México, en esta península",Three,La Paz,Baja California,México,n/a,Benson Lee Collection,<a href=http://guides.lib.utexas.edu/c.php?g=489978&p=3350068äó target=äó_blankäó>HERE!</a>,25,"July 16, 1870","January 7, 1871",Spanish,24.135677,-110.01268
0165_BL_MX,La Bandera Mexicana,Two,Matamoros,Tamaulipas,México,n/a,Benson Lee Collection,<a href=http://guides.lib.utexas.edu/c.php?g=489978&p=3350068äó target=äó_blankäó>HERE!</a>,4,"January 19, 1850","February 27, 1850",Spanish,25.879664,-97.504962
0166_BL_MX,La Bandera Nacional,Three,Matamoros,Tamaulipas,México,n/a,Benson Lee Collection,<a href=http://guides.lib.utexas.edu/c.php?g=489978&p=3350068äó target=äó_blankäó>HERE!</a>,12,"May 14, 1864","August 6, 1864",Spanish,25.879546,-97.504742
0170_BL_MX,La Esperanza,One,Tampico,Tamaulipas,México,n/a,Benson Lee Collection,<a href=http://guides.lib.utexas.edu/c.php?g=489978&p=3350068äó target=äó_blankäó>HERE!</a>,36,"February 5, 1845","August 27, 1846",Spanish,22.21654,-97.858004
0171_BL_MX,La Línea Recta,Three,Guaymas,Sonora,México,n/a,Benson Lee Collection,<a href=http://guides.lib.utexas.edu/c.php?g=489978&p=3350068äó target=äó_blankäó>HERE!</a>,15,"May 8, 1894","March 26, 1895",Spanish,27.92281,-110.889626
0172_BL_MX,La Oliva,One,Cd. Victoria,Tamaulipas,México,n/a,Benson Lee Collection,<a href=http://guides.lib.utexas.edu/c.php?g=489978&p=3350068äó target=äó_blankäó>HERE!</a>,1,"August, 12, 1841","August, 12, 1841",Spanish,23.730987,-99.151514
0174_BL_MX,La Revista: Diario Independiente,Three,Monterrey,Nuevo León,México,n/a,Benson Lee Collection,<a href=http://guides.lib.utexas.edu/c.php?g=489978&p=3350068äó target=äó_blankäó>HERE!</a>,2,"September 6, 1881","September 8, 1881",Spanish,25.670572,-100.306709
0175_BL_MX,La Soberanía de Tamaulipas,Three,Tampico,Tamaulipas,México,n/a,Benson Lee Collection,<a href=http://guides.lib.utexas.edu/c.php?g=489978&p=3350068äó target=äó_blankäó>HERE!</a>,10,"September 23, 1866","January 16, 1867",Spanish,22.215167,-97.858723
0176_BL_MX,La Voz de Alamos,Three,Alamos,Sonora,México,n/a,Benson Lee Collection,<a href=http://guides.lib.utexas.edu/c.php?g=489978&p=3350068äó target=äó_blankäó>HERE!</a>,10,"March 30, 1881","August 11, 1881",Spanish,27.022408,-108.934477
0179_BL_MX,La Voz del Pueblo: Periódico liberal independiente,Three,Saltillo,Coahuila,México,n/a,Benson Lee Collection,<a href=http://guides.lib.utexas.edu/c.php?g=489978&p=3350068äó target=äó_blankäó>HERE!</a>,1,"October 2, 1868","October 2, 1868",Spanish,25.432798,-101.001243
0196_BL_MX,Mercurio del Pueblo de Matamoros,One,Matamoros,Tamaulipas,México,n/a,Benson Lee Collection,<a href=http://guides.lib.utexas.edu/c.php?g=489978&p=3350068äó target=äó_blankäó>HERE!</a>,76,"May 15, 1835","December 29, 1837",Spanish,25.881337,-97.504189
0220_BL_MX,Noticias de Tierra-fuera,Two & Three,Chihuahua,Chihuahua,México,n/a,Benson Lee Collection,<a href=http://guides.lib.utexas.edu/c.php?g=489978&p=3350068äó target=äó_blankäó>HERE!</a>,5,"January 6, 1852","September 13, 1855",Spanish,28.639558,-106.073649
0240_BL_MX,"Republic of Rio Grande, and friend of the people",One,Matamoros,Tamaulipas,México,Calle Hidalgo,Benson Lee Collection,<a href=http://guides.lib.utexas.edu/c.php?g=489978&p=3350068äó target=äó_blankäó>HERE!</a>,5,"June 06, 1846","June 30, 1846",English,25.885762,-97.50852
0242_BL_MX,República de Río Grande y amiga de los pueblos,One,Matamoros,Tamaulipas,México,Calle Hidalgo Sur,Benson Lee Collection,<a href=http://guides.lib.utexas.edu/c.php?g=489978&p=3350068äó target=äó_blankäó>HERE!</a>,5,"June 06, 1846","July 1, 1846",Spanish,25.885198,-97.512096
0257_BL_MX,Sentinel,Two,Saltillo,Coahuila,México,n/a,Benson Lee Collection,<a href=http://guides.lib.utexas.edu/c.php?g=489978&p=3350068äó target=äó_blankäó>HERE!</a>,1,"April 10, 1848","April 10, 1848",English,25.429616,-100.995869
0268_BL_MX,The American Pioneer,Two,Monterrey,Nuevo León,México,n/a,Benson Lee Collection,<a href=http://guides.lib.utexas.edu/c.php?g=489978&p=3350068äó target=äó_blankäó>HERE!</a>,4,"April 19, 1847","May 31, 1847",English,25.669529,-100.311695
0269_BL_MX,The Anglo-Saxon: An American Journal,Two,Chihuahua,Chihuahua,México,n/a,Benson Lee Collection,<a href=http://guides.lib.utexas.edu/c.php?g=489978&p=3350068äó target=äó_blankäó>HERE!</a>,2,"March 19, 1847","Abril 3, 1847","English, Spanish",28.629228,-106.076044
0271_BL_MX,The Picket Guard,Two,Saltillo,Coahuila,México,n/a,Benson Lee Collection,<a href=http://guides.lib.utexas.edu/c.php?g=489978&p=3350068äó target=äó_blankäó>HERE!</a>,6,"April 19, 1847","May 21, 1847",English,25.432639,-100.998186
0195_BL_MX,Matamoros Reveille,One,Matamoros,Tamaulipas,México,n/a,Benson Lee Collection & EBSCO 2 ,<a href=http://guides.lib.utexas.edu/c.php?g=489978&p=3350068äó target=äó_blankäó>HERE!</a>,1,"July 15, 1846","July 15, 1846",English,25.880671,-97.504876
0052_BL_MX,Daily Morning Call,Three,Matamoros,Tamaulipas,México,n/a,Benson Lee Collection & Recovery,<a href=http://guides.lib.utexas.edu/c.php?g=489978&p=3350068äó target=äó_blankäó>HERE!</a>,1,"December 9, 1864","December 9, 1864",English,25.88576,-97.504754
0086_BL_MX,El Chiste,Three,Matamoros,Tamaulipas,México,n/a,Benson Lee Collection & Recovery,<a href=http://guides.lib.utexas.edu/c.php?g=489978&p=3350068äó target=äó_blankäó>HERE!</a>,1,"November 27, 1855","November 27, 1855",Spanish,25.87949,-97.504009
0088_BL_MX,El Cronista,One,Matamoros,Tamaulipas,México,n/a,Benson Lee Collection & Recovery,<a href=http://guides.lib.utexas.edu/c.php?g=489978&p=3350068äó target=äó_blankäó>HERE!</a>,1,"January 9, 1825 (1895?)","January 9, 1825 (1895?)",Spanish,25.879889,-97.503514
0090_BL_MX,El Distrito Norte de la Baja California: Semanario Independiente,Three,Tijuana,Baja California,México,n/a,Benson Lee Collection & Recovery,<a href=http://guides.lib.utexas.edu/c.php?g=489978&p=3350068äó target=äó_blankäó>HERE!</a>,1,30-Aug-26,30-Aug-26,Spanish,32.5178,-117.032002
0094_BL_MX,El Justo Medio,One,Matamoros,Tamaulipas,México,n/a,Benson Lee Collection & Recovery,<a href=http://guides.lib.utexas.edu/c.php?g=489978&p=3350068äó target=äó_blankäó>HERE!</a>,11,"January 26, 1844","June 7, 1844",Spanish,25.880401,-97.505273
0095_BL_MX,El Latigo de Texas,One,Matamoros,Tamaulipas,México,n/a,Benson Lee Collection & Recovery,<a href=http://guides.lib.utexas.edu/c.php?g=489978&p=3350068äó target=äó_blankäó>HERE!</a>,102,"October 9, 1843","December 30, 1844",Spanish,25.879841,-97.505799
0098_BL_MX,El Monitor: Periódico destinado a ser el portavoz de los intereses mexicanos en la región,Three,Mexicali,Baja California,México,n/a,Benson Lee Collection & Recovery,<a href=http://guides.lib.utexas.edu/c.php?g=489978&p=3350068äó target=äó_blankäó>HERE!</a>,4,6-May-24,12-Sep-24,Spanish,32.631324,-115.481024
0167_BL_MX,La Brisa,One,Matamoros,Tamaulipas,México,n/a,Benson Lee Collection & Recovery,<a href=http://guides.lib.utexas.edu/c.php?g=489978&p=3350068äó target=äó_blankäó>HERE!</a>,8,"September 6, 1830","August30, 1839",Spanish,25.881511,-97.504876
0178_BL_MX,La Voz de Tijuana,Three,Tijuana,Baja California,México,n/a,Benson Lee Collection & Recovery,<a href=http://guides.lib.utexas.edu/c.php?g=489978&p=3350068äó target=äó_blankäó>HERE!</a>,1,30-Mar-25,30-Mar-25,Spanish,32.532383,-117.015565
0270_BL_MX,The Daily Ranchero,Three,Matamoros,Tamaulipas,México,n/a,Benson Lee Collection & Recovery,<a href=http://guides.lib.utexas.edu/c.php?g=489978&p=3350068äó target=äó_blankäó>HERE!</a>,52,"October 12, 1865","November 18, 1865",English,25.8812,-97.505661
0287_CC_USA,California Farmer and Journal of Useful Sciences,Three,San Francisco,California,México,247 Montgomery Street,California Digital Newspaper Collection,"<a href=https://cdnc.ucr.edu/cgi-bin/cdnc?a=cl&cl=CL2.1855.01&sp=CF&e=-------en--20--1--txt-txIN--------1 target=""_blank"">CC</a>",842,"January 4, 1855","April 1, 1880",English,37.791418,-122.402881
0288_CC_USA,California Star & Californian,Two,San Francisco,California,México,"Washington street, Portsmouth Square",California Digital Newspaper Collection,"<a href=https://cdnc.ucr.edu/cgi-bin/cdnc?a=cl&cl=CL1&sp=CSC&e=-------en--20--1--txt-txIN--------1 target=""_blank"">CC</a>",6,"November 18, 1848","December 23, 1848",English,37.795114,-122.405504
0177_NB_USA,La Voz de la Mujer,Three,El Paso,Texas,México,321 Hill St. and 2nd St.,EBSCO-Arte Público 2,"<a href=http://web.b.ebscohost.com.ezproxy.lib.uh.edu/ehost/archiveviewer/archive?vid=4&sid=744ad644-7d4f-49e0-85d5-a7b4775d79f6%40sessionmgr120&bdata=JnNpdGU9ZWhvc3QtbGl2ZQ%3d%3d#kw=true&acc=false&lpId=divl3&ppId=divp1&twPV=null&xOff=0&yOff=0&zm=fit&fs=null&rot=0&docMapOpen=true&pageMapOpen=true&AN=70568261&db=h6b""target=""_blank"">HERE!</a>",1,6-Sep-07,6-Sep-07,Spanish,31.75592,-106.488665
0015_HJ_MX,Boletín de Tamaulipas,One,Cd. Victoria,Tamaulipas,México,n/a,Hemeroteca Joaquín Meade,<a href=http://iih.uat.edu.mx/FONDOS%20DOCUMENTALES/FONDOS%20DOCUMENTALES.html#3äó target=äó_blankäó>HERE!</a>,1,"February 26,1830","February 26,1830",Spanish,23.730947,-99.151309
0082_HJ_MX,El Atomo,Three,Palmillas,Tamaulipas,México,n/a,Hemeroteca Joaquín Meade,<a href=http://iih.uat.edu.mx/FONDOS%20DOCUMENTALES/FONDOS%20DOCUMENTALES.html#3äó target=äó_blankäó>HERE!</a>,16,"August 4,1867","January 19,1868",Spanish,23.301782,-99.54888
0083_HJ_MX,El Centinela,One,Cd. Victoria,Tamaulipas,México,n/a,Hemeroteca Joaquín Meade,<a href=http://iih.uat.edu.mx/FONDOS%20DOCUMENTALES/FONDOS%20DOCUMENTALES.html#3äó target=äó_blankäó>HERE!</a>,1,"April 23, 1824","April 23, 1824",Spanish,23.732389,-99.145077
0087_HJ_MX,El Constitucional,Two,Cd. Victoria,Tamaulipas,México,Calle de Morelos #4,Hemeroteca Joaquín Meade,<a href=http://iih.uat.edu.mx/FONDOS%20DOCUMENTALES/FONDOS%20DOCUMENTALES.html#3äó target=äó_blankäó>HERE!</a>,21,"June 3, 1850","Abril 5, 1852",Spanish,23.731873,-99.139436
0089_HJ_MX,El Despertador,One,Cd. Victoria,Tamaulipas,México,n/a,Hemeroteca Joaquín Meade,<a href=http://iih.uat.edu.mx/FONDOS%20DOCUMENTALES/FONDOS%20DOCUMENTALES.html#3äó target=äó_blankäó>HERE!</a>,35,"September 1, 1831","July 26, 1832",Spanish,23.731667,-99.138277
0105_HJ_MX,El Progresista,Three,Cd. Victoria,Tamaulipas,México,Calle #8,Hemeroteca Joaquín Meade,<a href=http://iih.uat.edu.mx/FONDOS%20DOCUMENTALES/FONDOS%20DOCUMENTALES.html#3äó target=äó_blankäó>HERE!</a>,72,"May 3, 1895","May 8, 1895",Spanish,23.740708,-99.158711
0107_HJ_MX,El Restaurador,One,Cd. Victoria,Tamaulipas,México,n/a,Hemeroteca Joaquín Meade,<a href=http://iih.uat.edu.mx/FONDOS%20DOCUMENTALES/FONDOS%20DOCUMENTALES.html#3äó target=äó_blankäó>HERE!</a>,65,"August 14, 1832","December 12, 1833",Spanish,23.732374,-99.143594
0108_HJ_MX,El Rifle de Tamaulipas,Three,Cd. Victoria,Tamaulipas,México,Calle de Morelos #4,Hemeroteca Joaquín Meade,<a href=http://iih.uat.edu.mx/FONDOS%20DOCUMENTALES/FONDOS%20DOCUMENTALES.html#3äó target=äó_blankäó>HERE!</a>,93,"February 27, 1856","October 19, 1861",Spanish,23.733505,-99.157342
0138_HJ_MX,Gaceta de Tamaulipas,One,Puerto de Santa Anna ( Tampico),Tamaulipas,México,n/a,Hemeroteca Joaquín Meade,<a href=http://iih.uat.edu.mx/FONDOS%20DOCUMENTALES/FONDOS%20DOCUMENTALES.html#3äó target=äó_blankäó>HERE!</a>,8,"June 30, 1834","August 27, 1834",Spanish,22.216092,-97.858247
0139_HJ_MX,Gaceta de Tampico,One,Tampico,Tamaulipas,México,n/a,Hemeroteca Joaquín Meade,<a href=http://iih.uat.edu.mx/FONDOS%20DOCUMENTALES/FONDOS%20DOCUMENTALES.html#3äó target=äó_blankäó>HERE!</a>,6,"March 10, 1834","March 31, 1834",Spanish,22.21625,-97.858151
0142_HJ_MX,Gaceta del Gobierno del Departmento de Tamaulipas,One,Puerto de Santa Anna (Tampico),Tamaulipas,México,Calle de la Unión #415,Hemeroteca Joaquín Meade,<a href=http://iih.uat.edu.mx/FONDOS%20DOCUMENTALES/FONDOS%20DOCUMENTALES.html#3äó target=äó_blankäó>HERE!</a>,12,"July 20, 1844","December 12, 1844",Spanish,22.21435,-97.856944
0149_HJ_MX,Guía del Pueblo,One,Cd. Victoria,Tamaulipas,México,n/a,Hemeroteca Joaquín Meade,<a href=http://iih.uat.edu.mx/FONDOS%20DOCUMENTALES/FONDOS%20DOCUMENTALES.html#3äó target=äó_blankäó>HERE!</a>,56,"Abril 21, 1830","August 21, 1831",Spanish,23.731962,-99.150854
0168_HJ_MX,La Concordia,One,Cd. Victoria,Tamaulipas,México,n/a,Hemeroteca Joaquín Meade,<a href=http://iih.uat.edu.mx/FONDOS%20DOCUMENTALES/FONDOS%20DOCUMENTALES.html#3äó target=äó_blankäó>HERE!</a>,66,"June 3, 1837","December 14, 1839",Spanish,23.73178,-99.150854
0173_HJ_MX,La Reconstrucción,Three,Cd. Victoria,Tamaulipas,México,n/a,Hemeroteca Joaquín Meade,<a href=http://iih.uat.edu.mx/FONDOS%20DOCUMENTALES/FONDOS%20DOCUMENTALES.html#3äó target=äó_blankäó>HERE!</a>,20,"June 4, 1870","May 28, 1878",Spanish,23.73166,-99.144776
0265_HJ_MX,Termómetro Político,One,Padilla,Tamaulipas,México,n/a,Hemeroteca Joaquín Meade,<a href=http://iih.uat.edu.mx/FONDOS%20DOCUMENTALES/FONDOS%20DOCUMENTALES.html#3äó target=äó_blankäó>HERE!</a>,2,"August 30, 1824","August 3, 1824",Spanish,24.049442,-98.900927
0014_HN_MX,Boletín de Instrucción Primaria del Estado de Nuevo León,Three,Monterrey,Nuevo León,México,Calle del Aguacate #88,Hemeroteca Nacional Digital de M_xico,"<a href=http://www.hndm.unam.mx/consulta/busqueda/buscarPorEstado?estado=Nuevo%20Le%C3%B3n&idEstado=mx-nl"" target=""_blank"">HERE!</a>",78,"February 01, 1892",15-Oct-02,Spanish,25.725616,-100.373511
0032_HN_MX,"Coahuilense, El: Periódico Oficial del Estado de Coahuila",Three,Saltillo,Coahuila,México,Calle Ignacio Allende #7,Hemeroteca Nacional Digital de M_xico,"<a href=http://www.hndm.unam.mx/consulta/busqueda/buscarPorEstado?estado=Coahuila&idEstado=mx-co"" target=""_blank"">HERE!</a>",1691+,"July 28, 1886",31-Dec-73,Spanish,25.421465,-101.00145
0038_HN_MX,"Correo de Chihuahua, El",Three,Chihuahua,Chihuahua,México,Independencia #265,Hemeroteca Nacional Digital de M_xico,"<a href=http://www.hndm.unam.mx/consulta/busqueda/buscarPorEstado?estado=Chihuahua&idEstado=mx-ch"" target=""_blank"">HERE!</a>",292,"December 12, 1898",1-Dec-09,Spanish,28.643062,-106.05523
0047_HN_MX,"Cronista, El",Three,Tampico,Tamaulipas,México,Calle de Comercio,Hemeroteca Nacional Digital de M_xico,"<a href=http://www.hndm.unam.mx/consulta/busqueda/buscarPorEstado?estado=Tamaulipas&idEstado=mx-tm"" target=""_blank"">HERE!</a>",157,"March 29, 1888","December 01, 1888",Spanish,22.248846,-97.863725
0048_HN_MX,"Cura de Tamajón, El",Three,Monterrey,Nuevo León,México,n/a,Hemeroteca Nacional Digital de M_xico,"<a href=http://www.hndm.unam.mx/consulta/busqueda/buscarPorEstado?estado=Nuevo%20Le%C3%B3n&idEstado=mx-nl"" target=""_blank"">HERE!</a>",14,"May 15, 1864","August 07, 1864",Spanish,25.666659,-100.322046
0117_HN_MX,"Escolar Médico, El",Three,Monterrey,Nuevo León,México,n/a,Hemeroteca Nacional Digital de M_xico,"<a href=http://www.hndm.unam.mx/consulta/busqueda/buscarPorEstado?estado=Nuevo%20Le%C3%B3n&idEstado=mx-nl"" target=""_blank"">HERE!</a>",11,"January 15, 1888","December 15, 1888",Spanish,25.667372,-100.317922
0193_HN_MX,"Luz, La: Periódico religioso",Three,Monterrey,Nuevo León,México,Calle Ocampo #12,Hemeroteca Nacional Digital de M_xico,"<a href=http://www.hndm.unam.mx/consulta/busqueda/buscarPorEstado?estado=Nuevo%20Le%C3%B3n&idEstado=mx-nl"" target=""_blank"">HERE!</a>",59,"December 20, 1872","October 13, 1878",Spanish,25.666901,-100.318977
0228_HN_MX,Periódico Oficial del Estado de Baja California Norte,Three,Mexicali,Baja California,México,n/a,Hemeroteca Nacional Digital de M_xico,"<a href=http://www.hndm.unam.mx/consulta/busqueda/buscarPorEstado?estado=Baja%20California&idEstado=mx-bc"" target=""_blank"">HERE!</a>",592+,5-Jan-10,10-Dec-76,Spanish,32.597423,-115.459138
0229_HN_MX,Periódico Oficial del Estado de Chihuahua,Three,Chihuahua,Chihuahua,México,Calle de Juárez #13,Hemeroteca Nacional Digital de M_xico,"<a href=http://www.hndm.unam.mx/consulta/busqueda/buscarPorEstado?estado=Chihuahua&idEstado=mx-ch"" target=""_blank"">HERE!</a>",1896,"January 08, 1887",2-Mar-77,Spanish,28.651449,-106.026817
0246_HN_MX,Revista de Chihuahua,Three,Chihuahua,Chihuahua,México,Calle del Progreso ,Hemeroteca Nacional Digital de M_xico,"<a href=http://www.hndm.unam.mx/consulta/busqueda/buscarPorEstado?estado=Chihuahua&idEstado=mx-ch"" target=""_blank"">HERE!</a>",23,"March 01, 1895","January 01, 1897",Spanish,28.638376,-106.082101
0001_NB_USA,"Abeille, La Abeja",One,New Orleans,Louisiana,United States,94 St. Pierre,Newsbank,"<a href=https://www.readex.com/content/hispanic-american-newspapers-1808-1980"" target=""_blank"">HERE!</a>",625,"January 03, 1829","Decembre 26, 1831","English, French, Spanish",29.958207,-90.064886
0002_NB_USA,Advocate of the people's rights,One,Brazoria,Texas,United States,n/a,Newsbank,"<a href=https://www.readex.com/content/hispanic-american-newspapers-1808-1980"" target=""_blank"">HERE!</a>",1,"February 22, 1834","February 22, 1834",English,29.047181,-95.571154
0003_NB_USA,Aguacero,Three,Los Angeles,California,United States,3 1/5 Main St.,Newsbank,"<a href=https://www.readex.com/content/hispanic-american-newspapers-1808-1980"" target=""_blank"">HERE!</a>",2,"March 24, 1878","March 31, 1878",Spanish,34.049131,-118.245877
0004_NB_USA,Albuquerque Citizen,Three,Albuquerque,New Mexico,United States,"Gold Avenue, Between 1st and 2nd Street",Newsbank,"<a href=https://www.readex.com/content/hispanic-american-newspapers-1808-1980"" target=""_blank"">HERE!</a>",58,"February 10, 1887","August 6, 1894",English,35.08312,-106.649083
0005_NB_USA,Alfa,Three,Laredo,Texas,United States,510 San Dario Ave.,Newsbank,"<a href=https://www.readex.com/content/hispanic-american-newspapers-1808-1980"" target=""_blank"">HERE!</a>",1,"Octubre 21, 1956","Octubre 21, 1956",Spanish,27.504306,-99.502774
0007_NB_USA,Amigo del Pueblo,Three,Los Angeles,California,United States,Main St.,Newsbank,"<a href=https://www.readex.com/content/hispanic-american-newspapers-1808-1980"" target=""_blank"">HERE!</a>",1,"November 30, 1861","November 30, 1861",Spanish,34.050215,-118.246531
0008_NB_USA,Amigo del Pueblo,Three,Raton,New Mexico,United States,P.O. Box F.,Newsbank,"<a href=https://www.readex.com/content/hispanic-american-newspapers-1808-1980"" target=""_blank"">HERE!</a>",1,"January 8, 1896","January 8, 1896",Spanish,36.903561,-104.439503
0009_NB_USA,Atalaya Bautista: Semanario Evangelico Bautista,Three,El Paso,Texas,United States,P.O. Box 667,Newsbank,"<a href=https://www.readex.com/content/hispanic-american-newspapers-1808-1980"" target=""_blank"">HERE!</a>",451,15-Dec-17,21-Dec-30,Spanish,31.767118,-106.438686
0010_NB_USA,Azote,Three,El Paso,Texas,United States,P.O.Box 1059,Newsbank,"<a href=https://www.readex.com/content/hispanic-american-newspapers-1808-1980"" target=""_blank"">HERE!</a>",5,17-Sep-22,15-Apr-23,Spanish,31.76007,-106.487386
0011_NB_USA,Bejareño,Three,San Antonio,Texas,United States,105 Plaza de Armas,Newsbank,"<a href=https://www.readex.com/content/hispanic-american-newspapers-1808-1980"" target=""_blank"">HERE!</a>",54,"February 07, 1855","June 28, 1856",Spanish,29.424809,-98.495982
0013_NB_USA,Boletín de Anuncios,Three,Las Vegas,New Mexico,United States,Pacific St.,Newsbank,"<a href=https://www.readex.com/content/hispanic-american-newspapers-1808-1980"" target=""_blank"">HERE!</a>",1,"January 19, 1878","January 19, 1878",Spanish,35.591274,-105.225436
0016_NB_USA,Boletín Estraordinario,Three,Brownsville,Texas,United States,n/a,Newsbank,"<a href=https://www.readex.com/content/hispanic-american-newspapers-1808-1980"" target=""_blank"">HERE!</a>",2,"December 07, 1865","December 12, 1865",Spanish,25.901544,-97.497123
0018_NB_USA,Boletin Popular,Three,Santa Fe,New Mexico,United States,"esquina casa de Doña Agapita Ortiza de Sena, calle del Hotel Exchange",Newsbank,"<a href=https://www.readex.com/content/hispanic-american-newspapers-1808-1980"" target=""_blank"">HERE!</a>",32,"April 1, 1886",May 30 1895,Spanish,35.687453,-105.93761
0019_NB_USA,Borderer,Three,Las Cruces,New Mexico,United States,n/a,Newsbank,"<a href=https://www.readex.com/content/hispanic-american-newspapers-1808-1980"" target=""_blank"">HERE!</a>",37,"July 24, 1872","January 10, 1874","English, Spanish",32.307671,-106.777065
0020_NB_USA,Buena Prensa: Organo del Comite de la Asociacion del Mismo Nombre,Three,El Paso,Texas,United States,209 S. Mesa St.,Newsbank,"<a href=https://www.readex.com/content/hispanic-american-newspapers-1808-1980"" target=""_blank"">HERE!</a>",1,15-Sep-23,15-Sep-23,Spanish,31.758952,-106.487627
0021_NB_USA,Bullion,Three,Socorro,New Mexico,United States,n/a,Newsbank,"<a href=https://www.readex.com/content/hispanic-american-newspapers-1808-1980"" target=""_blank"">HERE!</a>",1,"March 1, 1884","March 1, 1884",Spanish,34.056869,-106.894349
0023_NB_USA,Cachiporrota,Three,Las Vegas,New Mexico,United States,n/a,Newsbank,"<a href=https://www.readex.com/content/hispanic-american-newspapers-1808-1980"" target=""_blank"">HERE!</a>",7,"October 8, 1890","November 28, 1890",Spanish,35.592742,-105.220204
0026_NB_USA,Chronicle,Three,Las Vegas,New Mexico,United States,"Calle Iglesia, detrás de la sala de la corte",Newsbank,"<a href=https://www.readex.com/content/hispanic-american-newspapers-1808-1980"" target=""_blank"">HERE!</a>",1,"October 19, 1886","October 19, 1886",Spanish,35.592238,-105.230074
0027_NB_USA,Ciudadano,Three,El Paso,Texas,United States,"502 El Paso, St.",Newsbank,"<a href=https://www.readex.com/content/hispanic-american-newspapers-1808-1980"" target=""_blank"">HERE!</a>",5,"March 12, 1892","May 14, 1892",Spanish,31.759716,-106.490679
0028_NB_USA,Clamor Público,Three,Los Angeles,California,United States,n/a,Newsbank,"<a href=https://www.readex.com/content/hispanic-american-newspapers-1808-1980"" target=""_blank"">HERE!</a>",104,"June 19, 1855","June 27, 1857",Spanish,34.051926,-118.245671
0029_NB_USA,Clarín del Norte,Three,El Paso,Texas,United States,402 El Paso St.,Newsbank,"<a href=https://www.readex.com/content/hispanic-american-newspapers-1808-1980"" target=""_blank"">HERE!</a>",21,8-Oct-05,9-Feb-07,English,31.755807,-106.488127
0030_NB_USA,Clarin Mejicano,Three,Santa Fe,New Mexico,United States,n/a,Newsbank,"<a href=https://www.readex.com/content/hispanic-american-newspapers-1808-1980"" target=""_blank"">HERE!</a>",1,"August 10, 1873","August 10, 1873",Spanish,35.686154,-105.938106
0033_NB_USA,Colfax County Stockman,Three,Springer,New Mexico,United States,n/a,Newsbank,"<a href=https://www.readex.com/content/hispanic-american-newspapers-1808-1980"" target=""_blank"">HERE!</a>",172,"July 8, 1893",27-Dec-13,English,36.361842,-104.594689
0034_NB_USA,Combate,Three,Albuquerque,New Mexico,United States,n/a,Newsbank,"<a href=https://www.readex.com/content/hispanic-american-newspapers-1808-1980"" target=""_blank"">HERE!</a>",1,"July 7, 1892","July 7, 1892",Spanish,35.083101,-106.648737
0035_NB_USA,Commercial Review,Three,El Paso,Texas,United States,n/a,Newsbank,"<a href=https://www.readex.com/content/hispanic-american-newspapers-1808-1980"" target=""_blank"">HERE!</a>",1,"April 01, 1891","April 01, 1891",English,31.760134,-106.486797
0037_NB_USA,Continental,Three,El Paso,Texas,United States,214-218 S. Campbell St.,Newsbank,"<a href=https://www.readex.com/content/hispanic-american-newspapers-1808-1980"" target=""_blank"">HERE!</a>",1555,12-Dec-34,11-Mar-60,Spanish,31.758065,-106.483396
0039_NB_USA,Correo de Laredo,Three,Laredo,Texas,United States,Box #117,Newsbank,"<a href=https://www.readex.com/content/hispanic-american-newspapers-1808-1980"" target=""_blank"">HERE!</a>",178,"July 16, 1891","January 24, 1893",Spanish,27.502097,-99.504776
0040_NB_USA,Correo del Bravo,Three,El Paso,Texas,United States,620 S. Stanton St.,Newsbank,"<a href=https://www.readex.com/content/hispanic-american-newspapers-1808-1980"" target=""_blank"">HERE!</a>",2,13-Mar-13,19-Mar-13,Spanish,31.753392,-106.484218
0041_NB_USA,Courier de Rio Grande,Three,Brownsville,Texas,United States,"Rue Elizabeth, en face l'hotel Miller",Newsbank,"<a href=https://www.readex.com/content/hispanic-american-newspapers-1808-1980"" target=""_blank"">HERE!</a>",1,"November 08, 1866","November 08, 1866","English, French, Spanish",25.900617,-97.497852
0042_NB_USA,Crónica,Three,Laredo,Texas,United States,1118 Lincoln St.,Newsbank,"<a href=https://www.readex.com/content/hispanic-american-newspapers-1808-1980"" target=""_blank"">HERE!</a>",101,1-Jan-10,18-Apr-14,Spanish,27.50427,-99.507312
0044_NB_USA,Crónica,Three,Los Angeles,California,United States,n/a,Newsbank,"<a href=https://www.readex.com/content/hispanic-american-newspapers-1808-1980"" target=""_blank"">HERE!</a>",1,"September 12, 1874","September 12, 1874",Spanish,34.056106,-118.242068
0045_NB_USA,Crónica de Mora,Three,Mora,New Mexico,United States,n/a,Newsbank,"<a href=https://www.readex.com/content/hispanic-american-newspapers-1808-1980"" target=""_blank"">HERE!</a>",2,"June 13, 1889","November 2, 1889","English, Spanish",35.974324,-105.331559
0046_NB_USA,Cronista del Valle,Three,Brownsville,Texas,United States,11th St.,Newsbank,"<a href=https://www.readex.com/content/hispanic-american-newspapers-1808-1980"" target=""_blank"">HERE!</a>",893,8-Oct-24,28-Feb-30,Spanish,25.902285,-97.499245
0050_NB_USA,Daily Examiner,Three,Las Vegas,New Mexico,United States,n/a,Newsbank,"<a href=https://www.readex.com/content/hispanic-american-newspapers-1808-1980"" target=""_blank"">HERE!</a>",1,"August 30, 1895","August 30, 1895",Spanish,35.592557,-105.220428
0051_NB_USA,Daily Metropolitan,Three,Brownsville,Texas,United States,E. Levee St.,Newsbank,"<a href=https://www.readex.com/content/hispanic-american-newspapers-1808-1980"" target=""_blank"">HERE!</a>",35,"September 08, 1893","November 30, 1893",English,25.901294,-97.50018
0053_NB_USA,Daily Republican,Three,Brownsville,Texas,United States,n/a,Newsbank,"<a href=https://www.readex.com/content/hispanic-american-newspapers-1808-1980"" target=""_blank"">HERE!</a>",2,"September 20, 1884","September 26, 1884","English, Spanish",25.901946,-97.498947
0054_NB_USA,Daily Times,Three,Albuquerque,New Mexico,United States,2nd Street and Gold Avenue,Newsbank,"<a href=https://www.readex.com/content/hispanic-american-newspapers-1808-1980"" target=""_blank"">HERE!</a>",1,"June 14, 1893","June 14, 1893",English,35.083316,-106.649297
0055_NB_USA,Defensor,Three,Edinburg,Texas,United States,n/a,Newsbank,"<a href=https://www.readex.com/content/hispanic-american-newspapers-1808-1980"" target=""_blank"">HERE!</a>",76,7-Feb-30,25-Dec-31,Spanish,26.302652,-98.161407
0056_NB_USA,Defensor,Three,El Paso,Texas,United States,628 Campbell St.,Newsbank,"<a href=https://www.readex.com/content/hispanic-american-newspapers-1808-1980"" target=""_blank"">HERE!</a>",10,"September 24, 1894","March 3, 1895",English,31.763634,-106.487502
0058_NB_USA,Defensor del Pueblo,Three,Mesilla,New Mexico,United States,Mesilla,Newsbank,"<a href=https://www.readex.com/content/hispanic-american-newspapers-1808-1980"" target=""_blank"">HERE!</a>",2,"March 07, 1891","March 14, 1891",Spanish,32.273058,-106.796386
0059_NB_USA,Deming Headlight,Three,Deming,New Mexico,United States,S.M. Ashenfelter,Newsbank,"<a href=https://www.readex.com/content/hispanic-american-newspapers-1808-1980"" target=""_blank"">HERE!</a>",5,"January 24, 1891","February 18, 1899",English,32.261277,-107.772673
0060_NB_USA,Deming Tribune,Three,Deming,New Mexico,United States,Lac Cruces Postal Ofice,Newsbank,"<a href=https://www.readex.com/content/hispanic-american-newspapers-1808-1980"" target=""_blank"">HERE!</a>",1,"December 25, 1884","December 25, 1884",English,32.267486,-107.759947
0061_NB_USA,Democracia,Three,El Paso,Texas,United States,5th and 111 Santa Fe St.,Newsbank,"<a href=https://www.readex.com/content/hispanic-american-newspapers-1808-1980"" target=""_blank"">HERE!</a>",1,14-Jan-06,14-Jan-06,English,31.758062,-106.490505
0062_NB_USA,Demócrata,Three,Los Angeles,California,United States,125 South Broadway,Newsbank,"<a href=https://www.readex.com/content/hispanic-american-newspapers-1808-1980"" target=""_blank"">HERE!</a>",6,"October 14, 1882","November 4, 1882",Spanish,34.053391,-118.2458707
0063_NB_USA,Demócrata,Three,Las Cruces,New Mexico,United States,n/a,Newsbank,"<a href=https://www.readex.com/content/hispanic-american-newspapers-1808-1980"" target=""_blank"">HERE!</a>",8,"June 02, 1894","November 24, 1894",Spanish,32.308379,-106.779114
0064_NB_USA,Demócrata Fronterizo,Three,Laredo,Texas,United States,801 Hidalgo St.,Newsbank,"<a href=https://www.readex.com/content/hispanic-american-newspapers-1808-1980"" target=""_blank"">HERE!</a>",81,8-Dec-17,6-Jun-19,Spanish,27.504706,-99.503775
0065_NB_USA,Día,Three,El Paso,Texas,United States,713 S. El Paso St.,Newsbank,"<a href=https://www.readex.com/content/hispanic-american-newspapers-1808-1980"" target=""_blank"">HERE!</a>",2,18-Feb-19,23-Feb-19,Spanish,31.752741,-106.487787
0067_NB_USA,Dona Ana County Republican,Three,Las Cruces,New Mexico,United States,Main St.,Newsbank,"<a href=https://www.readex.com/content/hispanic-american-newspapers-1808-1980"" target=""_blank"">HERE!</a>",113,"March 11, 1897",15-Feb-02,English,32.32384,-106.782861
0068_NB_USA,Dos Repúblicas,Three,Los Angeles,California,United States,624 N. Main St.,Newsbank,"<a href=https://www.readex.com/content/hispanic-american-newspapers-1808-1980"" target=""_blank"">HERE!</a>",175,"March 15, 1892","September 3, 1898",Spanish,34.057687,-118.2382235
0069_NB_USA,Eagle,Three,Silver City,New Mexico,United States,Yankie St. between Texas and Arizona Streets,Newsbank,"<a href=https://www.readex.com/content/hispanic-american-newspapers-1808-1980"" target=""_blank"">HERE!</a>",1,"August 28, 1895","August 28, 1895",English,32.770628,-108.277496
0070_NB_USA,Eco de la Patria,Three,Los Angeles,California,United States,P.O.Box 786,Newsbank,"<a href=https://www.readex.com/content/hispanic-american-newspapers-1808-1980"" target=""_blank"">HERE!</a>",2,"February 14, 1878","February 21, 1878",Spanish,34.058588,-118.234495
0072_NB_USA,Eco del Pacífico,Three,San Francisco,California,United States,124 Sacramento St,Newsbank,"<a href=https://www.readex.com/content/hispanic-american-newspapers-1808-1980"" target=""_blank"">HERE!</a>",1,"April 9, 1857","April 9, 1857",Spanish,37.794638,-122.3969094
0073_NB_USA,Eco del Rio Grande,Three,Las Cruces,New Mexico,United States,n/a,Newsbank,"<a href=https://www.readex.com/content/hispanic-american-newspapers-1808-1980"" target=""_blank"">HERE!</a>",7,"February 12, 1876","March 2, 1882",Spanish,32.311594,-106.779256
0075_NB_USA,Eco Fronterizo,Three,El Paso,Texas,United States,213 E. Overland Ave.,Newsbank,"<a href=https://www.readex.com/content/hispanic-american-newspapers-1808-1980"" target=""_blank"">HERE!</a>",2,"October 03, 1896","November 14, 1896",Spanish,31.757251,-106.487189
0076_NB_USA,Eco Mejicano,Three,Los Angeles,California,United States,P.O.Box 813,Newsbank,"<a href=https://www.readex.com/content/hispanic-american-newspapers-1808-1980"" target=""_blank"">HERE!</a>",1,"October 29, 1885","October 29, 1885",Spanish,34.053513,-118.249407
0077_NB_USA,Eddy Argus,Three,Eddy,New Mexico,United States,n/a,Newsbank,"<a href=https://www.readex.com/content/hispanic-american-newspapers-1808-1980"" target=""_blank"">HERE!</a>",1,"June 30, 1893","June 30, 1893",Spanish,32.841578,-104.403162
0078_NB_USA,Eddy County Citizen,Three,Carlsbad,New Mexico,United States,n/a,Newsbank,"<a href=https://www.readex.com/content/hispanic-american-newspapers-1808-1980"" target=""_blank"">HERE!</a>",1,"June 27, 1893","June 27, 1893",Spanish,32.381727,-104.230301
0093_NB_USA,El Hispano Americano,Three,Socorro,New Mexico,United States,Main St.,Newsbank,"<a href=https://www.readex.com/content/hispanic-american-newspapers-1808-1980"" target=""_blank"">HERE!</a>",4,"November 17, 1891","January 9, 1892",Spanish,34.059229,-106.884621
0099_NB_USA,El Paso Daily News,Three,El Paso,Texas,United States,107 San Francisco St.,Newsbank,"<a href=https://www.readex.com/content/hispanic-american-newspapers-1808-1980"" target=""_blank"">HERE!</a>",6,11-Feb-01,3-Jul-02,English,31.757099,-106.495069
0100_NB_USA,El Paso del Norte,Three,El Paso,Texas,United States,208 and 210 San Luis St.,Newsbank,"<a href=https://www.readex.com/content/hispanic-american-newspapers-1808-1980"" target=""_blank"">HERE!</a>",7,12-Mar-04,18-Nov-04,Spanish,31.753221,-106.486763
0101_NB_USA,El Paso Evening Tribune,Three,El Paso,Texas,United States,n/a,Newsbank,"<a href=https://www.readex.com/content/hispanic-american-newspapers-1808-1980"" target=""_blank"">HERE!</a>",3,"June 15, 1893","June 23, 1893",English,31.759078,-106.488498
0102_NB_USA,El Paso Weekly Tribune,Three,El Paso,Texas,United States,24 El Paso St.,Newsbank,"<a href=https://www.readex.com/content/hispanic-american-newspapers-1808-1980"" target=""_blank"">HERE!</a>",1,"April 22, 1886","April 22, 1886",English,31.758303,-106.489195
0115_NB_USA,Elevator,Three,San Francisco,California,United States,Corner of Sansome and Jackson St.,Newsbank,"<a href=https://www.readex.com/content/hispanic-american-newspapers-1808-1980"" target=""_blank"">HERE!</a>",274,"May 5, 1865","June 11, 1898",English,37.796772,-122.401721
0118_NB_USA,Espejo,Three,Bernalillo,New Mexico,United States,n/a,Newsbank,"<a href=https://www.readex.com/content/hispanic-american-newspapers-1808-1980"" target=""_blank"">HERE!</a>",1,"March 8, 1879","March 8, 1879",Spanish,35.304506,-106.550738
0119_NB_USA,Estandarte de Springer / Springer Banner,Three,Springer,New Mexico,United States,n/a,Newsbank,"<a href=https://www.readex.com/content/hispanic-american-newspapers-1808-1980"" target=""_blank"">HERE!</a>",322,"June 27, 1889","June 15, 1893","English, Spanish",36.363994,-104.596797
0120_NB_USA,Estrella,Three,Las Cruces,New Mexico,United States,Las Cruces Postal Office,Newsbank,"<a href=https://www.readex.com/content/hispanic-american-newspapers-1808-1980"" target=""_blank"">HERE!</a>",919,1-Feb-11,18-May-35,Spanish,32.312331,-106.777904
0121_NB_USA,Estrella,Three,Maldonado,New Mexico,United States,Maldonado County,Newsbank,"<a href=https://www.readex.com/content/hispanic-american-newspapers-1808-1980"" target=""_blank"">HERE!</a>",1,"January 30, 1897","January 30, 1897",Spanish,36.869911,-104.433274
0122_NB_USA,Estrella de Nuevo Mexico,Three,Socorro,New Mexico,United States,n/a,Newsbank,"<a href=https://www.readex.com/content/hispanic-american-newspapers-1808-1980"" target=""_blank"">HERE!</a>",2,"August 7, 1896","March 26, 1897",Spanish,34.073032,-106.886897
0123_NB_USA,Estrella Mejicana,Three,Albuquerque,New Mexico,United States,n/a,Newsbank,"<a href=https://www.readex.com/content/hispanic-american-newspapers-1808-1980"" target=""_blank"">HERE!</a>",1,"October 11, 1890","October 11, 1890",Spanish,35.083252,-106.648809
0124_NB_USA,Estrella Mexicana,Three,Albuquerque,New Mexico,United States,n/a,Newsbank,"<a href=https://www.readex.com/content/hispanic-american-newspapers-1808-1980"" target=""_blank"">HERE!</a>",1,"October 4, 1890","October 4, 1890","English, Spanish",35.083252,-106.648809
0125_NB_USA,Evening Telegram,Three,El Paso,Texas,United States,796 S. El Paso St.,Newsbank,"<a href=https://www.readex.com/content/hispanic-american-newspapers-1808-1980"" target=""_blank"">HERE!</a>",12,"March 16, 1896","April 6, 1896",English,31.752284,-106.487258
0126_NB_USA,Evening Tribune,Three,El Paso,Texas,United States,n/a,Newsbank,"<a href=https://www.readex.com/content/hispanic-american-newspapers-1808-1980"" target=""_blank"">HERE!</a>",8,"April 03, 1889","May 19, 1896",English,31.757211,-106.487856
0127_NB_USA,Evolución,Three,Laredo,Texas,United States,1020 Matamoros St.,Newsbank,"<a href=https://www.readex.com/content/hispanic-american-newspapers-1808-1980"" target=""_blank"">HERE!</a>",910,1-Jan-17,29-Feb-20,Spanish,27.506365,-99.506135
0128_NB_USA,Fe en la Democracia,Three,Los Angeles,California,United States,n/a,Newsbank,"<a href=https://www.readex.com/content/hispanic-american-newspapers-1808-1980"" target=""_blank"">HERE!</a>",2,"October 29, 1884","November 3, 1884",Spanish,34.04703,-118.24962
0131_NB_USA,Free Men's Press,Three,Galveston,Texas,United States,n/a,Newsbank,"<a href=https://www.readex.com/content/hispanic-american-newspapers-1808-1980"" target=""_blank"">HERE!</a>",1,"October 24, 1868","October 24, 1868",English,29.308418,-94.778126
0132_NB_USA,Fronterizo,Three,Tucson,Arizona,United States,n/a,Newsbank,"<a href=https://www.readex.com/content/hispanic-american-newspapers-1808-1980"" target=""_blank"">HERE!</a>",36,"January 01, 1892","December 17, 1892",Spanish,32.223292,-110.973132
0134_NB_USA,Gaceta,Three,Santa Barbara,California,United States,Box 250,Newsbank,"<a href=https://www.readex.com/content/hispanic-american-newspapers-1808-1980"" target=""_blank"">HERE!</a>",108,"August 9, 1879","July 30, 1881",Spanish,34.400058,-119.7134377
0135_NB_USA,Gaceta de Mora,Three,Mora,New Mexico,United States,n/a,Newsbank,"<a href=https://www.readex.com/content/hispanic-american-newspapers-1808-1980"" target=""_blank"">HERE!</a>",1,"August 28, 1890","August 28, 1890",Spanish,35.975368,-105.335698
0141_NB_USA,Gaceta de Texas,One,Nacogdoches,Texas,United States,n/a,Newsbank,"<a href=https://www.readex.com/content/hispanic-american-newspapers-1808-1980"" target=""_blank"">HERE!</a>",1,"May 25, 1813","May 25, 1813",Spanish,31.602181,-94.655697
0143_NB_USA,Gaceta Popular,Three,Las Cruces,New Mexico,United States,n/a,Newsbank,"<a href=https://www.readex.com/content/hispanic-american-newspapers-1808-1980"" target=""_blank"">HERE!</a>",1,24-Oct-19,24-Oct-19,Spanish,32.31063,-106.777421
0144_NB_USA,Gato,Three,Santa Fe,New Mexico,United States,n/a,Newsbank,"<a href=https://www.readex.com/content/hispanic-american-newspapers-1808-1980"" target=""_blank"">HERE!</a>",6,"May 23, 1894","August 24, 1894",Spanish,35.6872,-105.939811
0145_NB_USA,Gaunlet,Three,Santa Fe,New Mexico,United States,n/a,Newsbank,"<a href=https://www.readex.com/content/hispanic-american-newspapers-1808-1980"" target=""_blank"">HERE!</a>",1,"June 25, 1894","June 25, 1894",Spanish,35.686878,-105.938218
0146_NB_USA,Golondrina,Three,Socorro,New Mexico,United States,n/a,Newsbank,"<a href=https://www.readex.com/content/hispanic-american-newspapers-1808-1980"" target=""_blank"">HERE!</a>",1,"February 12, 1898","February 12, 1898",Spanish,34.059282,-106.884544
0147_NB_USA,Grant County Herald,Three,Silver City,New Mexico,United States,n/a,Newsbank,"<a href=https://www.readex.com/content/hispanic-american-newspapers-1808-1980"" target=""_blank"">HERE!</a>",1,"June 15, 1878","June 15, 1878",English,32.772134,-108.275993
0148_NB_USA,Guía de Santa Fe,Three,Santa Fe,New Mexico,United States,San Francisco St.,Newsbank,"<a href=https://www.readex.com/content/hispanic-american-newspapers-1808-1980"" target=""_blank"">HERE!</a>",3,"October 2, 1886","October 16, 1886",Spanish,35.686503,-105.937032
0150_NB_USA,Herald,Three,Silver City,New Mexico,United States,n/a,Newsbank,"<a href=https://www.readex.com/content/hispanic-american-newspapers-1808-1980"" target=""_blank"">HERE!</a>",1,"April 1, 1876","April 1, 1876",English,32.769144,-108.276794
0151_NB_USA,Heraldo de Brownsville,Three,Brownsville,Texas,United States,1263 E. Adams St.,Newsbank,"<a href=https://www.readex.com/content/hispanic-american-newspapers-1808-1980"" target=""_blank"">HERE!</a>",1282,2-Dec-35,29-Feb-40,Spanish,25.901882,-97.49615641
0152_NB_USA,Hispano Americano,Three,Las Vegas,New Mexico,United States,n/a,Newsbank,"<a href=https://www.readex.com/content/hispanic-american-newspapers-1808-1980"" target=""_blank"">HERE!</a>",6,"April 21, 1892","October 15, 1892",Spanish,35.608726,-105.223786
0153_NB_USA,Hispano Americano,Three,El Paso,Texas,United States,125 El Paso St.,Newsbank,"<a href=https://www.readex.com/content/hispanic-american-newspapers-1808-1980"" target=""_blank"">HERE!</a>",1,"August 07, 1893","August 7, 1893",Spanish,31.757778,-106.488967
0154_NB_USA,Homer Union News,Three,El Paso,Texas,United States,n/a,Newsbank,"<a href=https://www.readex.com/content/hispanic-american-newspapers-1808-1980"" target=""_blank"">HERE!</a>",1,1-Oct-19,1-Oct-19,English,31.761754,-106.482566
0155_NB_USA,Horizonte,Three,Corpus Christi,Texas,United States,n/a,Newsbank,"<a href=https://www.readex.com/content/hispanic-american-newspapers-1808-1980"" target=""_blank"">HERE!</a>",52,"November 05, 1879","November 13, 1880",Spanish,27.797728,-97.398374
0156_NB_USA,Independent Democrat,Three,Las Cruces,New Mexico,United States,n/a,Newsbank,"<a href=https://www.readex.com/content/hispanic-american-newspapers-1808-1980"" target=""_blank"">HERE!</a>",291,"February 3, 1892","November 29, 1899",English,32.314348,-106.777561
0157_NB_USA,Independiente,Three,El Paso,Texas,United States,n/a Same as Evening Tribune,Newsbank,"<a href=https://www.readex.com/content/hispanic-american-newspapers-1808-1980"" target=""_blank"">HERE!</a>",2,"May 06, 1896","May 13, 1896",Spanish,31.757065,-106.488124
0158_NB_USA,Industrial Advertiser,Three,Albuquerque,New Mexico,United States,405 Railroad Ave. (now Central Avenue),Newsbank,"<a href=https://www.readex.com/content/hispanic-american-newspapers-1808-1980"" target=""_blank"">HERE!</a>",1,"December 23, 1899","December 23, 1899",English,35.08464,-106.651707
0159_NB_USA,Industrial Advertiser,Three,Socorro,New Mexico,United States,n/a,Newsbank,"<a href=https://www.readex.com/content/hispanic-american-newspapers-1808-1980"" target=""_blank"">HERE!</a>",2,"June 10, 1893","August 24, 1895",English,34.05706,-106.894419
0160_NB_USA,Iris,Three,Tucson,Arizona,United States,n/a,Newsbank,"<a href=https://www.readex.com/content/hispanic-american-newspapers-1808-1980"" target=""_blank"">HERE!</a>",1,"June 19, 1886","June 19, 1886",Spanish,32.222898,-110.97296
0161_NB_USA,Joven,Three,Los Angeles,California,United States,Corner of Short St and Upper Main St.,Newsbank,"<a href=https://www.readex.com/content/hispanic-american-newspapers-1808-1980"" target=""_blank"">HERE!</a>",2,"September 18, 1877","April 12, 1878",Spanish,34.059886,-118.23651
0162_NB_USA,Justicia,Three,El Paso,Texas,United States,417 El Paso St.,Newsbank,"<a href=https://www.readex.com/content/hispanic-american-newspapers-1808-1980"" target=""_blank"">HERE!</a>",4,"September 05, 1893","November 4, 1893",Spanish,31.759385,-106.490304
0180_NB_USA,Labrador,Three,Las Cruces,New Mexico,United States,n/a,Newsbank,"<a href=https://www.readex.com/content/hispanic-american-newspapers-1808-1980"" target=""_blank"">HERE!</a>",643,"September 8, 1896",14-Jun-12,Spanish,32.310821,-106.777625
0181_NB_USA,Laredo Times,Three,Laredo,Texas,United States,111 Esperanza Dr.,Newsbank,"<a href=https://www.readex.com/content/hispanic-american-newspapers-1808-1980"" target=""_blank"">HERE!</a>",152,2-Jan-29,30-Jun-29,English,27.554731,-99.501769
0182_NB_USA,Las Cruces Daily News,Three,Las Cruces,New Mexico,United States,Nevares Street,Newsbank,"<a href=https://www.readex.com/content/hispanic-american-newspapers-1808-1980"" target=""_blank"">HERE!</a>",125,"March 5, 1889","November 23, 1889",English,32.310167,-106.763533
0184_NB_USA,Las Cruces Progress,Three,Las Cruces,New Mexico,United States,n/a,Newsbank,"<a href=https://www.readex.com/content/hispanic-american-newspapers-1808-1980"" target=""_blank"">HERE!</a>",51,22-Feb-02,1-Jan-04,English,32.311961,-106.777959
0185_NB_USA,Las Dos Américas,Three,El Paso,Texas,United States,413 El Paso St.,Newsbank,"<a href=https://www.readex.com/content/hispanic-american-newspapers-1808-1980"" target=""_blank"">HERE!</a>",6,"March 7, 1888","July 25, 1898",Spanish,31.759348,-106.490327
0187_NB_USA,Las Vegas Daily Gazette,Three,Las Vegas,New Mexico,United States,n/a,Newsbank,"<a href=https://www.readex.com/content/hispanic-american-newspapers-1808-1980"" target=""_blank"">HERE!</a>",291,"July 27, 1880","January 31, 1886",English,35.591535,-105.230244
0188_NB_USA,Las Vegas Daily Optic,Three,Las Vegas,New Mexico,United States,n/a,Newsbank,"<a href=https://www.readex.com/content/hispanic-american-newspapers-1808-1980"" target=""_blank"">HERE!</a>",2,"October 23, 1880","October 30, 1880","English, Spanish",35.594766,-105.218712
0189_NB_USA,Latino Americano,Three,El Paso,Texas,United States,424 S. El Paso St.,Newsbank,"<a href=https://www.readex.com/content/hispanic-american-newspapers-1808-1980"" target=""_blank"">HERE!</a>",14,"January 14, 1891","March 28, 1891",Spanish,31.759421,-106.490261
0190_NB_USA,Libertad,Three,San Marcial,New Mexico,United States,n/a,Newsbank,"<a href=https://www.readex.com/content/hispanic-american-newspapers-1808-1980"" target=""_blank"">HERE!</a>",1,"April 15, 1896","April 15, 1896",Spanish,33.69967,-106.989148
0191_NB_USA,Lincoln County Leader,Three,White Oaks,New Mexico,United States,n/a,Newsbank,"<a href=https://www.readex.com/content/hispanic-american-newspapers-1808-1980"" target=""_blank"">HERE!</a>",1,"June 24, 1893","June 24, 1893",English,33.617475,-105.883706
0194_NB_USA,Magdalena Mountain Mail,Three,Magdalena,New Mexico,United States,Magdalen and Kelly County,Newsbank,"<a href=https://www.readex.com/content/hispanic-american-newspapers-1808-1980"" target=""_blank"">HERE!</a>",1,"April 5, 1888","April 5, 1888",English,34.119596,-107.237132
0198_NB_USA,Mesilla Valley Bulletin,Three,Las Cruces,New Mexico,United States,540 E. Griggs,Newsbank,"<a href=https://www.readex.com/content/hispanic-american-newspapers-1808-1980"" target=""_blank"">HERE!</a>",17,2-Feb-34,21-Oct-38,English,32.310629,-106.773657
0199_NB_USA,Mesilla Valley Democrat,Three,Las Cruces,New Mexico,United States,n/a,Newsbank,"<a href=https://www.readex.com/content/hispanic-american-newspapers-1808-1980"" target=""_blank"">HERE!</a>",111,"September 2, 1886","January 7, 1890",English,32.309214,-106.781106
0200_NB_USA,Mexicano,One,Natchitoches,Louisiana,United States,n/a,Newsbank,"<a href=https://www.readex.com/content/hispanic-american-newspapers-1808-1980"" target=""_blank"">HERE!</a>",1,"June 19, 1813","June 19, 1813",Spanish,31.73212,-93.09811576
0201_NB_USA,Mining Chronicle,Three,Silver City,New Mexico,United States,n/a,Newsbank,"<a href=https://www.readex.com/content/hispanic-american-newspapers-1808-1980"" target=""_blank"">HERE!</a>",1,"March 3, 1881","March 3, 1881",English,32.772363,-108.274444
0202_NB_USA,Mirror of the Times,Three,San Francisco,California,United States,Merchant St.,Newsbank,"<a href=https://www.readex.com/content/hispanic-american-newspapers-1808-1980"" target=""_blank"">HERE!</a>",1,"December 12, 1857","December 12, 1857",English,37.795066,-122.403965
0203_NB_USA,Misisipi,One,New Orleans,Louisiana,United States,n/a,Newsbank,"<a href=https://www.readex.com/content/hispanic-american-newspapers-1808-1980"" target=""_blank"">HERE!</a>",1,"October 12, 1808","October 12, 1808",Spanish,30.0688,-89.9308814
0204_NB_USA,Monday Morning Mercury,Three,El Paso,Texas,United States,80 Oregon St.,Newsbank,"<a href=https://www.readex.com/content/hispanic-american-newspapers-1808-1980"" target=""_blank"">HERE!</a>",2,"June 12, 1893","July 17, 1893",English,31.758005,-106.487938
0205_NB_USA,Monitor,Three,Nogales,Arizona,United States,n/a,Newsbank,"<a href=https://www.readex.com/content/hispanic-american-newspapers-1808-1980"" target=""_blank"">HERE!</a>",1,"September 05, 1890","September 5, 1890","English, Spanish",31.337325,-110.937258
0206_NB_USA,Monitor,Three,El Paso,Texas,United States,609 Florence St.,Newsbank,"<a href=https://www.readex.com/content/hispanic-american-newspapers-1808-1980"" target=""_blank"">HERE!</a>",22,"January 30, 1897",26-Jan-00,Spanish,31.754364,-106.481632
0207_NB_USA,Monitor Mejicano,Three,Los Angeles,California,United States,Corner of Aliso St and Los Angeles St.,Newsbank,"<a href=https://www.readex.com/content/hispanic-american-newspapers-1808-1980"" target=""_blank"">HERE!</a>",10,"October 26, 1895","October 29, 1898","English, Spanish",34.054855,-118.239836
0208_NB_USA,Mora Eco,Three,Mora,New Mexico,United States,n/a,Newsbank,"<a href=https://www.readex.com/content/hispanic-american-newspapers-1808-1980"" target=""_blank"">HERE!</a>",1,"September 16, 1890","September 16, 1890",Spanish,35.975458,-105.336179
0209_NB_USA,Morning Journal,Three,Albuquerque,New Mexico,United States,n/a,Newsbank,"<a href=https://www.readex.com/content/hispanic-american-newspapers-1808-1980"" target=""_blank"">HERE!</a>",2,"November 9, 1884","December 3, 1886",English,35.083131,-106.64886
0210_NB_USA,Mosquito,Three,Mora,New Mexico,United States,n/a,Newsbank,"<a href=https://www.readex.com/content/hispanic-american-newspapers-1808-1980"" target=""_blank"">HERE!</a>",15,"December 3, 1891","June 30, 1892",Spanish,35.975341,-105.336067
0211_NB_USA,Mundo,Three,Brownsville,Texas,United States,n/a,Newsbank,"<a href=https://www.readex.com/content/hispanic-american-newspapers-1808-1980"" target=""_blank"">HERE!</a>",1,"March 7, 1886","March 7, 1886",Spanish,25.900643,-97.49752
0212_NB_USA,New Mexican Mining News,Three,Santa Fe,New Mexico,United States,n/a,Newsbank,"<a href=https://www.readex.com/content/hispanic-american-newspapers-1808-1980"" target=""_blank"">HERE!</a>",1,"December 21, 1881","December 21, 1881",English,35.690912,-105.93781
0214_NB_USA,New Mexico Interpreter,Three,White Oaks,New Mexico,United States,n/a,Newsbank,"<a href=https://www.readex.com/content/hispanic-american-newspapers-1808-1980"" target=""_blank"">HERE!</a>",1,"November 15, 1889","November 15, 1889",English,33.751629,-105.737645
0215_NB_USA,New Southwest and Grant County Herald,Three,Silver City,New Mexico,United States,n/a,Newsbank,"<a href=https://www.readex.com/content/hispanic-american-newspapers-1808-1980"" target=""_blank"">HERE!</a>",1,"January 7, 1882","January 7, 1882",English,32.770977,-108.280261
0216_NB_USA,Newmans Semi-Weekly,Three,Las Cruces,New Mexico,United States,n/a,Newsbank,"<a href=https://www.readex.com/content/hispanic-american-newspapers-1808-1980"" target=""_blank"">HERE!</a>",3,"April 2, 1881","April 20, 1881",English,32.308495,-106.778098
0217_NB_USA,News,Three,Albuquerque,New Mexico,United States,n/a,Newsbank,"<a href=https://www.readex.com/content/hispanic-american-newspapers-1808-1980"" target=""_blank"">HERE!</a>",2,"January 23, 1886","December 6, 1886","English, Spanish",35.082949,-106.649341
0218_NB_USA,Northwestern New Mexican,Three,Santa Fe,New Mexico,United States,Chama Rio County,Newsbank,"<a href=https://www.readex.com/content/hispanic-american-newspapers-1808-1980"" target=""_blank"">HERE!</a>",2,"June 10, 1893","June 17, 1893",Spanish,36.903232,-106.58013
0219_NB_USA,Noticias,Three,El Paso,Texas,United States,409 El Paso St.,Newsbank,"<a href=https://www.readex.com/content/hispanic-american-newspapers-1808-1980"" target=""_blank"">HERE!</a>",11,"October 14, 1899","January 0, 1900",Spanish,31.759347,-106.490267
0221_NB_USA,Nuevo Mexicano,Three,Santa Fe,New Mexico,United States,Avenida de Palacio,Newsbank,"<a href=https://www.readex.com/content/hispanic-american-newspapers-1808-1980"" target=""_blank"">HERE!</a>",41,"August 16, 1890",9-May-08,Spanish,35.687858,-105.93922
0223_NB_USA,Observador Fronterizo,Three,Las Cruces,New Mexico,United States,n/a,Newsbank,"<a href=https://www.readex.com/content/hispanic-american-newspapers-1808-1980"" target=""_blank"">HERE!</a>",2,"September 11, 1888","October 9, 1888",Spanish,32.31178,-106.776605
0225_NB_USA,Opinión Pública,Three,Albuquerque,New Mexico,United States,Ferrocarril Ave 404 (now Central Avenue),Newsbank,"<a href=https://www.readex.com/content/hispanic-american-newspapers-1808-1980"" target=""_blank"">HERE!</a>",42,"July 2, 1892",2-Mar-07,Spanish,35.084664,-106.651852
0226_NB_USA,Opinión Pública,Three,El Paso,Texas,United States,511 S. El Paso St.,Newsbank,"<a href=https://www.readex.com/content/hispanic-american-newspapers-1808-1980"" target=""_blank"">HERE!</a>",1,"May 11, 1895","May 11, 1895",Spanish,31.75466,-106.488368
0227_NB_USA,Patria,Three,El Paso,Texas,United States,817 S. El Paso St.,Newsbank,"<a href=https://www.readex.com/content/hispanic-american-newspapers-1808-1980"" target=""_blank"">HERE!</a>",65,18-Jun-19,12-Aug-23,Spanish,31.751919,-106.487311
0230_NB_USA,Political Comet,Three,Las Vegas,New Mexico,United States,n/a,Newsbank,"<a href=https://www.readex.com/content/hispanic-american-newspapers-1808-1980"" target=""_blank"">HERE!</a>",1,"November 4, 1882","November 4, 1882",Spanish,35.59238,-105.227555
0231_NB_USA,Progresista,Three,El Paso,Texas,United States,314 El Paso St.,Newsbank,"<a href=https://www.readex.com/content/hispanic-american-newspapers-1808-1980"" target=""_blank"">HERE!</a>",1,17-Jun-01,1-Jul-01,Spanish,31.7564,-106.488204
0232_NB_USA,Progreso,Three,Socorro,New Mexico,United States,"North side of the Plaza, in Juan Jose Baca Block",Newsbank,"<a href=https://www.readex.com/content/hispanic-american-newspapers-1808-1980"" target=""_blank"">HERE!</a>",6,"May 17, 1887","August 9, 1887",Spanish,34.057843,-106.893586
0233_NB_USA,Progreso,Three,Brownsville,Texas,United States,Calle 12 entre Leves y Elizabeth,Newsbank,"<a href=https://www.readex.com/content/hispanic-american-newspapers-1808-1980"" target=""_blank"">HERE!</a>",153,"January 4, 1876","December 31, 1876",Spanish,25.900672,-97.49855
0234_NB_USA,Promotor Escolar,Three,Las Cruces,New Mexico,United States,n/a,Newsbank,"<a href=https://www.readex.com/content/hispanic-american-newspapers-1808-1980"" target=""_blank"">HERE!</a>",5,"September 12, 1891","February 16, 1892",Spanish,32.310366,-106.775599
0235_NB_USA,Puerto,Three,Brownsville,Texas,United States,908 E. Adame St.,Newsbank,"<a href=https://www.readex.com/content/hispanic-american-newspapers-1808-1980"" target=""_blank"">HERE!</a>",270,6-Jan-54,30-Dec-61,Spanish,25.904191,-97.498783
0236_NB_USA,Ranchero,Three,San Antonio,Texas,United States,S. Presa St.,Newsbank,"<a href=https://www.readex.com/content/hispanic-american-newspapers-1808-1980"" target=""_blank"">HERE!</a>",4,"July 04, 1856","July 28, 1856",Spanish,29.356311,-98.464336
0237_NB_USA,Raton Range,Three,Raton,New Mexico,United States,n/a,Newsbank,"<a href=https://www.readex.com/content/hispanic-american-newspapers-1808-1980"" target=""_blank"">HERE!</a>",2,"June 22, 1893","August 29, 1895",English,36.903384,-104.440974
0238_NB_USA,Raton Reporter,Three,Raton,New Mexico,United States,n/a,Newsbank,"<a href=https://www.readex.com/content/hispanic-american-newspapers-1808-1980"" target=""_blank"">HERE!</a>",1,"July 12, 1893","July 12, 1893",Spanish,36.90207,-104.439802
0239_NB_USA,Renacimiento,Three,El Paso,Texas,United States,P.O. Box 1950,Newsbank,"<a href=https://www.readex.com/content/hispanic-american-newspapers-1808-1980"" target=""_blank"">HERE!</a>",2,28-May-23,14-Jun-23,Spanish,31.760147,-106.487438
0241_NB_USA,República,Three,El Paso,Texas,United States,315 San Jacinto St.,Newsbank,"<a href=https://www.readex.com/content/hispanic-american-newspapers-1808-1980"" target=""_blank"">HERE!</a>",59,1-Nov-19,23-May-23,Spanish,31.759405,-106.488266
0243_NB_USA,Republican,Three,Brownsville,Texas,United States,n/a,Newsbank,"<a href=https://www.readex.com/content/hispanic-american-newspapers-1808-1980"" target=""_blank"">HERE!</a>",2,"July 5, 1865","July 5, 1866","English, Spanish",25.931787,-97.498724
0244_NB_USA,Revista,Three,Albuquerque,New Mexico,United States,n/a,Newsbank,"<a href=https://www.readex.com/content/hispanic-american-newspapers-1808-1980"" target=""_blank"">HERE!</a>",1,"December 5, 1881","December 5, 1881",Spanish,35.304858,-106.546978
0245_NB_USA,Revista Católica,Three,Las Vegas,New Mexico,United States,n/a,Newsbank,"<a href=https://www.readex.com/content/hispanic-american-newspapers-1808-1980"" target=""_blank"">HERE!</a>",365,"January 8, 1888","February 3, 1895",Spanish,35.591947,-105.229179
0247_NB_USA,Rincon Weekly,Three,Rincon,New Mexico,United States,Rincon,Newsbank,"<a href=https://www.readex.com/content/hispanic-american-newspapers-1808-1980"" target=""_blank"">HERE!</a>",11,"August 29, 1895","May 11, 1897",English,32.672867,-107.0762911
0248_NB_USA,Roswell Record,Three,Rosewell,New Mexico,United States,n/a,Newsbank,"<a href=https://www.readex.com/content/hispanic-american-newspapers-1808-1980"" target=""_blank"">HERE!</a>",1,"July 14, 1893","July 14, 1893",English,33.383179,-104.505456
0249_NB_USA,San Francisco Vindicator,Three,San Francisco,California,United States,428 Montgomery St.,Newsbank,"<a href=https://www.readex.com/content/hispanic-american-newspapers-1808-1980"" target=""_blank"">HERE!</a>",9,"May 2, 1887","February 16, 1889",English,37.793165,-122.402735
0250_NB_USA,San Marcial Bee,Three,San Marcial,New Mexico,United States,San Marcial Rd.,Newsbank,"<a href=https://www.readex.com/content/hispanic-american-newspapers-1808-1980"" target=""_blank"">HERE!</a>",3,"April 29, 1893",29-Mar-02,English,33.698706,-106.990408
0251_NB_USA,San Marcial Reporter,Three,San Marcial,New Mexico,United States,Willow Spring Ranch Rd.,Newsbank,"<a href=https://www.readex.com/content/hispanic-american-newspapers-1808-1980"" target=""_blank"">HERE!</a>",2,"April 14, 1888","March 8, 1890",English,33.788506,-107.0424223
0253_NB_USA,Santa Fe Daily New Mexican,Three,Santa Fe,New Mexico,United States,n/a,Newsbank,"<a href=https://www.readex.com/content/hispanic-american-newspapers-1808-1980"" target=""_blank"">HERE!</a>",1433,"April 15, 1871",27-Jun-05,"English, Spanish",35.685037,-105.937816
0254_NB_USA,Santa Fe Weekly Express,Three,Santa Fe,New Mexico,United States,U.S. Land Office,Newsbank,"<a href=https://www.readex.com/content/hispanic-american-newspapers-1808-1980"" target=""_blank"">HERE!</a>",2,"July 2, 1887","July 3, 1887",English,35.684427,-105.938413
0255_NB_USA,Santa Fe Weekly New Mexican and Livestock Journal,Three,Santa Fe,New Mexico,United States,n/a,Newsbank,"<a href=https://www.readex.com/content/hispanic-american-newspapers-1808-1980"" target=""_blank"">HERE!</a>",236,"April 25, 1863",30-Aug-06,English,35.680546,-105.938236
0256_NB_USA,Santa Fe Weekly Sun,Three,Santa Fe,New Mexico,United States,n/a,Newsbank,"<a href=https://www.readex.com/content/hispanic-american-newspapers-1808-1980"" target=""_blank"">HERE!</a>",1,"June 17, 1893","June 17, 1893",English,35.65414,-105.958883
0258_NB_USA,Silver City Enterprise,Three,Silver City,New Mexico,United States,n/a,Newsbank,"<a href=https://www.readex.com/content/hispanic-american-newspapers-1808-1980"" target=""_blank"">HERE!</a>",6,"September, 17, 1886","August, 23, 1895",English,32.771302,-108.275926
0259_NB_USA,Silver City Independent,Three,Silver City,New Mexico,United States,n/a,Newsbank,"<a href=https://www.readex.com/content/hispanic-american-newspapers-1808-1980"" target=""_blank"">HERE!</a>",9,"August 3, 1897",5-Nov-01,English,32.771384,-108.273945
0260_NB_USA,Socorro Bullion,Three,Socorro,New Mexico,United States,n/a,Newsbank,"<a href=https://www.readex.com/content/hispanic-american-newspapers-1808-1980"" target=""_blank"">HERE!</a>",2,"April 24, 1886","September 11, 1886","English, Spanish",34.056909,-106.894409
0261_NB_USA,Sol de Mayo,Three,Las Vegas,New Mexico,United States,n/a,Newsbank,"<a href=https://www.readex.com/content/hispanic-american-newspapers-1808-1980"" target=""_blank"">HERE!</a>",8,"May 1, 1891","July 24, 1891",English,35.593355,-105.212768
0262_NB_USA,Southwest Sentinel,Three,Silver City,New Mexico,United States,n/a,Newsbank,"<a href=https://www.readex.com/content/hispanic-american-newspapers-1808-1980"" target=""_blank"">HERE!</a>",16,"October 19, 1886","December 27, 1887",English,32.770579,-108.27657
0263_NB_USA,Sunday Herald,Three,El Paso,Texas,United States,121 El Paso St.,Newsbank,"<a href=https://www.readex.com/content/hispanic-american-newspapers-1808-1980"" target=""_blank"">HERE!</a>",5,"December 30, 1888","April 21, 1889",English,31.757767,-106.488927
0264_NB_USA,Telegraph and Texas Register,One,Austin,Texas,United States,n/a,Newsbank,"<a href=https://www.readex.com/content/hispanic-american-newspapers-1808-1980"" target=""_blank"">HERE!</a>",13,"October 10, 1835","March 12, 1836",English,30.264667,-97.744527
0266_NB_USA,Texas Gazette,One,Austin,Texas,United States,San Felipe de Austin,Newsbank,"<a href=https://www.readex.com/content/hispanic-american-newspapers-1808-1980"" target=""_blank"">HERE!</a>",18,"September 25, 1829","February 18, 1832",English,29.79738,-96.100422
0267_NB_USA,Texas Republican,One,Brazoria,Texas,United States,n/a,Newsbank,"<a href=https://www.readex.com/content/hispanic-american-newspapers-1808-1980"" target=""_blank"">HERE!</a>",38,"July 05, 1834","October 17, 1834",English,29.05236,-95.569983
0272_NB_USA,Thirty-Four,Three,Las Cruces,New Mexico,United States,n/a,Newsbank,"<a href=https://www.readex.com/content/hispanic-american-newspapers-1808-1980"" target=""_blank"">HERE!</a>",19,"April 16, 1879","November 3, 1880",English,32.312088,-106.777592
0273_NB_USA,Tiempo,Three,Las Cruces,New Mexico,United States,n/a,Newsbank,"<a href=https://www.readex.com/content/hispanic-american-newspapers-1808-1980"" target=""_blank"">HERE!</a>",520,"November 9, 1882",1-Jul-11,Spanish,32.31032,-106.775596
0274_NB_USA,Union,Three,Los Angeles,California,United States,Corner New High and Marchessault St.,Newsbank,"<a href=https://www.readex.com/content/hispanic-american-newspapers-1808-1980"" target=""_blank"">HERE!</a>",3,"November 21, 1896","May 15, 1897",Spanish,34.056692,-118.238577
0275_NB_USA,Union,Three,Raton,New Mexico,United States,n/a,Newsbank,"<a href=https://www.readex.com/content/hispanic-american-newspapers-1808-1980"" target=""_blank"">HERE!</a>",7,"February 26, 1898","September 10, 1898",Spanish,36.90223,-104.440656
0276_NB_USA,Union de Albuquerque,Three,Albuquerque,New Mexico,United States,n/a,Newsbank,"<a href=https://www.readex.com/content/hispanic-american-newspapers-1808-1980"" target=""_blank"">HERE!</a>",1,"January 2, 1893","January 2, 1893",Spanish,35.084128,-106.649109
0277_NB_USA,Verdad,One,Santa Fe,New Mexico,United States,n/a,Newsbank,"<a href=https://www.readex.com/content/hispanic-american-newspapers-1808-1980"" target=""_blank"">HERE!</a>",1,"September 12, 1844","September 12, 1844","English, Spanish",35.687801,-105.938215
0278_NB_USA,Verdad,Three,Las Cruces,New Mexico,United States,n/a,Newsbank,"<a href=https://www.readex.com/content/hispanic-american-newspapers-1808-1980"" target=""_blank"">HERE!</a>",8,"September 16, 1890","April 9, 1894",Spanish,32.312189,-106.779397
0279_NB_USA,Voz de Chile y de las Repúblicas Americanas,Three,San Francisco,California,United States,728 Montgomery St.,Newsbank,"<a href=https://www.readex.com/content/hispanic-american-newspapers-1808-1980"" target=""_blank"">HERE!</a>",41,"October 11, 1867","May 26, 1868",Spanish,37.796805,-122.40313
0280_NB_USA,Voz de Nuevo Mexico,Three,Albuquerque,New Mexico,United States,Ferrocarril Ave 404 (now Central Avenue),Newsbank,"<a href=https://www.readex.com/content/hispanic-american-newspapers-1808-1980"" target=""_blank"">HERE!</a>",1,"September 1, 1894","September 1, 1894",Spanish,35.084668,-106.651925
0281_NB_USA,Voz del Nuevo Mundo,Three,San Francisco,California,United States,Corner of Sansome and Jackson St.,Newsbank,"<a href=https://www.readex.com/content/hispanic-american-newspapers-1808-1980"" target=""_blank"">HERE!</a>",101,"March 27, 1865","September 23, 1884",Spanish,37.796548,-122.401605
0282_NB_USA,Voz del Pueblo,Three,Santa Fe,New Mexico,United States,n/a,Newsbank,"<a href=https://www.readex.com/content/hispanic-american-newspapers-1808-1980"" target=""_blank"">HERE!</a>",3,"April 27, 1889","June 15, 1889",Spanish,35.654366,-105.957423
0283_NB_USA,Voz del Pueblo,Three,Las Vegas,New Mexico,United States,"Post office, East",Newsbank,"<a href=https://www.readex.com/content/hispanic-american-newspapers-1808-1980"" target=""_blank"">HERE!</a>",6,"June 4, 1892",13-Dec-04,Spanish,35.593571,-105.218606
0284_NB_USA,Western Liberal,Three,Lordsburg,New Mexico,United States,Lordsburg,Newsbank,"<a href=https://www.readex.com/content/hispanic-american-newspapers-1808-1980"" target=""_blank"">HERE!</a>",2,"June 23, 1893",12-Apr-01,English,32.343895,-108.7027283
0285_NB_USA,White Oaks Eagle,Three,White Oaks,New Mexico,United States,n/a,Newsbank,"<a href=https://www.readex.com/content/hispanic-american-newspapers-1808-1980"" target=""_blank"">HERE!</a>",1,"August 22, 1895","August 22, 1895",English,33.53557,-105.555113
0286_NB_USA,Zaragoza,Three,Brownsville,Texas,United States,n/a,Newsbank,"<a href=https://www.readex.com/content/hispanic-american-newspapers-1808-1980"" target=""_blank"">HERE!</a>",2,"December 20, 1865","December 27, 1865",Spanish,25.907974,-97.495036
0186_NB_USA,Las Dos Repúblicas,Three,Tucson,Arizona,United States,Main Street and Congress Street,Newsbank / American Antiquarian Society,"<a href=https://www.readex.com/content/hispanic-american-newspapers-1808-1980"" target=""_blank"">HERE!</a>",2,"August 26, 1877","October 18, 1879",Spanish,32.211408,-110.974021
0022_NB_USA,Cachiporra,Three,Las Vegas,New Mexico,United States,n/a,Newsbank & EBSCO 1,"<a href=https://www.readex.com/content/hispanic-american-newspapers-1808-1980"" target=""_blank"">HERE!</a>",1,"October 19, 1888","October 19, 1888",Spanish,35.591796,-105.230475
0024_NB_USA,Campaing Bulletin,Three,Las Vegas,New Mexico,United States,n/a,Newsbank & EBSCO 1,"<a href=https://www.readex.com/content/hispanic-american-newspapers-1808-1980"" target=""_blank"">HERE!</a>",2,"August 25, 1880","August 27, 1880",Spanish,35.593379,-105.218391
0031_NB_USA,Clarín Mexicano,Three,Las Vegas,New Mexico,United States,n/a,Newsbank & EBSCO 1,"<a href=https://www.readex.com/content/hispanic-american-newspapers-1808-1980"" target=""_blank"">HERE!</a>",1,"October 30, 1890","October 30, 1890",Spanish,32.592084,-105.229821
0043_NB_USA,Crónica,Two & Three,San Francisco,California,United States,186 Montgomery St.,Newsbank & EBSCO 1,"<a href=https://www.readex.com/content/hispanic-american-newspapers-1808-1980"" target=""_blank"">HERE!</a>",2,"December 15, 1854","February 28, 1855",Spanish,37.79074,-122.4022412
0049_NB_USA,Daily Cosmopolitan,Three,Brownsville,Texas,United States,n/a,Newsbank & EBSCO 1,"<a href=https://www.readex.com/content/hispanic-american-newspapers-1808-1980"" target=""_blank"">HERE!</a>",294,"August 19, 1881","August 18, 1885",Spanish,25.902278,-97.499633
0057_NB_USA,Defensor del Pueblo,Three,Albuquerque,New Mexico,United States,n/a,Newsbank & EBSCO 1,"<a href=https://www.readex.com/content/hispanic-american-newspapers-1808-1980"" target=""_blank"">HERE!</a>",25,"June 27, 1891","May 28, 1892","English, Spanish",35.083215,-106.648361
0074_NB_USA,Eco del Valle,Three,Las Cruces,New Mexico,United States,n/a,Newsbank & EBSCO 1,"<a href=https://www.readex.com/content/hispanic-american-newspapers-1808-1980"" target=""_blank"">HERE!</a>",243,18-Nov-05,6-May-06,Spanish,32.312095,-106.777711
0116_NB_USA,Empresa,Three,Las Cruces,New Mexico,United States,n/a,Newsbank & EBSCO 1,"<a href=https://www.readex.com/content/hispanic-american-newspapers-1808-1980"" target=""_blank"">HERE!</a>",8,"September 26, 1896","June 12, 1897",Spanish,32.309024,-106.778343
0129_NB_USA,Ferrocarril,Three,Tucson,Arizona,United States,n/a,Newsbank & EBSCO 1,"<a href=https://www.readex.com/content/hispanic-american-newspapers-1808-1980"" target=""_blank"">HERE!</a>",1,"May 17, 1885","May 17, 1885",Spanish,32.221004,-110.976813
0130_NB_USA,Flor del Valle,Three,Las Cruces,New Mexico,United States,n/a,Newsbank & EBSCO 1,"<a href=https://www.readex.com/content/hispanic-american-newspapers-1808-1980"" target=""_blank"">HERE!</a>",17,"February 3, 1894","October 11, 1894",Spanish,32.311836,-106.776842
0133_NB_USA,Fronterizo,Three,Las Cruces,New Mexico,United States,n/a,Newsbank & EBSCO 1,"<a href=https://www.readex.com/content/hispanic-american-newspapers-1808-1980"" target=""_blank"">HERE!</a>",1,"April 29, 1875","April 29, 1875",Spanish,32.314197,-106.778961
0183_NB_USA,Las Cruces Daily Times,Three,Las Cruces,New Mexico,United States,n/a,Newsbank & EBSCO 1,"<a href=https://www.readex.com/content/hispanic-american-newspapers-1808-1980"" target=""_blank"">HERE!</a>",3,"May 8, 1899","May 10, 1899",English,32.314855,-106.779581
0192_NB_USA,Lone Star,Three,El Paso,Texas,United States,n/a,Newsbank & EBSCO 1,"<a href=https://www.readex.com/content/hispanic-american-newspapers-1808-1980"" target=""_blank"">HERE!</a>",4,"December 24, 1881","February 3, 1883",English,31.760055,-106.492317
0197_NB_USA,Mesilla News,Three,Mesilla,New Mexico,United States,n/a,Newsbank & EBSCO 1,"<a href=https://www.readex.com/content/hispanic-american-newspapers-1808-1980"" target=""_blank"">HERE!</a>",39,"February 1, 1879","February 9, 1884","English, Spanish",32.272962,-106.796318
0222_NB_USA,Nuevo Mundo,Three,Albuquerque,New Mexico,United States,n/a,Newsbank & EBSCO 1,"<a href=https://www.readex.com/content/hispanic-american-newspapers-1808-1980"" target=""_blank"">HERE!</a>",56,"May 1, 1897",20-Sep-00,Spanish,35.083031,-106.648482
0224_NB_USA,Observador Fronterizo,Three,El Paso,Texas,United States,n/a,Newsbank & EBSCO 1,"<a href=https://www.readex.com/content/hispanic-american-newspapers-1808-1980"" target=""_blank"">HERE!</a>",6,"April 4, 1886","October 24, 1886",Spanish,31.752264,-106.487208
0252_NB_USA,Sancho Panza,Three,El Paso,Texas,United States,416 San Antonio St.,Newsbank & EBSCO 1,"<a href=https://www.readex.com/content/hispanic-american-newspapers-1808-1980"" target=""_blank"">HERE!</a>",2,"November 08, 1891","November 28, 1891",Spanish,31.758458,-106.484987
0213_NB_USA,New Mexico Herald,Three,Las Vegas,New Mexico,United States,Noroeste de la Plaza,Newsbank & EBSCO 2,"<a href=https://www.readex.com/content/hispanic-american-newspapers-1808-1980"" target=""_blank"">HERE!</a>",3,"June 25, 1879","July 30, 1879","English, Spanish",35.592925,-105.227643
